age,income,education_years,experience,credit_score
,70990.33154879004,11.974465175076855,0.46096221061304554,563.6506395035066
33.61735698828815,63869.50524369153,13.566443987853447,5.698074946102491,646.8796511060916
41.47688538100692,50894.45554880261,11.622740237000116,7.931972332891778,651.8016872044446
50.23029856408026,40295.94833441639,13.07611541108288,19.43843828670095,697.2630345843405
32.658466252766644,60473.34970420385,8.319155999138644,12.78276562266879,513.3141636719174
32.6586304305082,55902.28078132625,14.639881122118815,3.3225921545005432,709.256727384733
50.79212815507391,63427.89830041598,14.003616426086673,12.430181447088184,379.56083683972247
42.67434729152909,59527.57702522954,11.548734106795429,2.2634800553081726,587.011544763619
30.305256140650478,65743.29072979002,15.977737005297215,,601.1726157548455
40.42560043585965,,16.812710412879674,7.644376740910607,713.3326826071238
30.365823071875376,69760.91098451489,9.177320406893077,9.531819056304146,652.263085267687
30.34270246429743,52963.994070386,,16.62898323771095,509.44369461437134
37.41962271566034,81128.91308937898,11.692572950638105,3.5641821570787506,551.5006874182985
15.86719755342202,39662.18272865648,11.180290696673406,3.0144090744350436,669.8680009547406
17.750821674869673,,16.488424525795246,,642.0932658135443
,52968.66175193972,,15.191894255096583,592.0875890364254
24.87168879665576,,13.206455476068168,2.403269622615788,601.9166210488021
38.142473325952736,42741.71248918518,7.98841290677974,-4.160777990552845,719.6167997159289
25.91975924478789,45194.7903770852,15.90625409062768,,598.2307427130785
20.876962986647086,56362.48919602875,10.282224815439582,12.758703999554601,641.1908755970927
49.65648768921554,57842.5323205325,14.179797890798985,16.001308748694147,866.9936588080543
32.74223699513465,41394.49994092131,14.832130813874574,7.684193189573005,507.6317363116077
35.67528204687924,49634.68111608526,,7.942866964419988,464.8157268425341
20.752518137865433,82134.05537917795,10.073538802642663,15.769503671278736,728.3589664798607
29.556172754748175,,4.941463532537524,0.6512915015228966,582.1356938705896
36.10922589709866,56544.85504511048,14.551548634261085,8.057396124084953,618.1762472257379
23.490064225776973,50570.05217252301,19.401533544532562,10.95211944962529,571.8843621868886
38.75698018345672,51800.46990077392,17.716839058818312,12.246093606425172,624.0199859232488
28.99361310081195,59202.769590956246,14.628978245823877,7.4509665340455875,809.8538112096342
32.083062502067236,34658.111522023915,12.525091443103857,10.172205058529206,730.212845861812
28.98293387770603,46139.35193864982,16.42136778991193,-2.4416367670649475,736.2223511886978
53.522781845089376,24971.238891836158,11.079361400886594,6.708757938330758,508.37729442073544
34.86502775262066,55988.34683907919,15.429073308068658,12.267543562772337,534.8846263447131
24.422890710440996,59707.939095541115,15.51641047749988,5.088529828726602,366.0921340514573
43.225449121031886,42752.20306550939,17.18062972249664,10.294921107947987,569.0619178917246
22.791563500289776,73609.80144935049,22.278980116733234,12.23436250401349,745.6703186385658
,31613.515054964882,15.177247901536301,,701.694651574837
15.403298761202244,28034.376796852695,12.473109122877503,10.852318854982855,627.8486737047876
,53366.77727839958,13.923277063424017,,647.7699716281946
36.96861235869123,,8.692772285332644,8.966943601519766,581.1114457424594
42.38466579995411,75258.91537186803,11.915860606732824,13.051080847946112,670.4758882401784
36.7136828118997,43116.7360569659,12.772152685660688,10.78486480484217,726.5878279480614
33.843517176117594,66180.21250146943,12.427734806196222,7.067343652180322,488.41132125895274
,49422.372957489395,14.457064616101166,11.121082021453965,679.9647687837348
20.214780096325725,47410.59050088771,11.532740202853399,,743.2434870954667
27.801557916052914,63254.89906230009,17.363092001973413,-0.24970639288738994,608.489971103663
30.393612290402125,,14.000621194754592,15.795370324779489,720.0700612120584
45.57122226218915,26354.11764523626,13.972099036584156,8.318726306594641,931.4654444472553
38.43618289568462,72148.10524588844,13.016315850461247,12.127449666201152,639.5657207013109
17.36959844637266,70701.37031221177,14.465572051576938,15.986234618226138,689.3307050005324
,40616.55947735706,16.475294794002906,3.1416315138476705,576.1942916338609
31.149177195836835,55937.05300156114,11.398609352867298,6.4527949878622675,668.125116260205
28.230779996940413,57410.45279424108,12.02565053277423,8.557256520621475,696.0271624982304
41.11676288840868,53910.10648735861,,6.081232394377858,669.4842340270138
45.30999522495951,,9.962387229580354,18.67468287918404,548.0304680291143
,39925.64948092923,,5.7161395308660365,670.6361771325451
26.607824767773614,49616.688935128324,12.571337379366023,7.222266102565667,796.2195938717637
31.907876241487855,67590.93528889047,16.623167542138184,11.021945158014884,694.8635764514527
38.31263431403564,58154.002318916486,14.787683987005774,3.989252369619556,746.1987189071841
,44440.78501870841,14.580769734102633,,626.2988029987372
30.2082576215471,61575.48065972517,16.552693886503917,,724.9900239423711
33.14341023336183,7271.8606905488705,13.58788463480181,8.335697978087444,677.9267838216526
23.936650259939718,67231.48550558156,15.171394549786669,9.533065705500258,554.9089270312768
23.037933759193294,23904.293318328506,13.690334741202511,,681.8521004798874
,44563.38587895302,14.796087048198885,2.4276484540961647,550.830333655969
48.56240028570823,33204.95158060784,12.251724027165254,11.607966056696192,586.7119725115208
34.27989878419666,30579.777864186413,6.683548525170712,18.774665358236206,668.9328307292374
45.03532897892024,67412.4018106778,13.597162513441088,10.09200815391719,679.7244273380124
38.61636025047634,,18.26824440829982,11.126320586237748,531.0767534922871
28.548802453948756,55197.55822596073,16.778646206724776,13.463613775584298,755.3985771182877
38.61395605508414,49296.19131681224,,3.6533475172665044,707.2006278300473
50.38036566465969,57155.612408346824,17.708392165418655,18.512573290648028,579.5271564389116
34.64173960890049,51152.32836590383,14.265972772884313,11.01164398211401,496.24152035508246
50.64643655814006,30755.116637171457,14.591947122216787,18.159284495445544,635.5095420918568
8.802548959102555,,12.147044313696949,6.334835022380053,605.405628613884
43.21902504375224,42593.65125258031,13.051781431918851,19.090309612789124,661.3140457053023
35.870470682381715,26651.271520103735,15.847313449313425,13.875777470173915,613.6883338844434
32.009926495341325,43578.27258551131,17.611653311506448,,449.254313925499
35.91760776535502,72511.39685951466,13.581661172957002,11.17012227176574,611.1653061698842
15.124310853991073,62753.32613170239,,,619.4380888931687
32.80328112162488,44770.21798388211,14.001583876569791,16.00265829236936,713.3661024774059
38.57112571511746,44761.13443522357,15.803620246787345,10.701799349240234,580.180032538895
,45175.47423173926,9.668435551599375,0.1646514820642384,817.8674673372566
29.817297817263526,81151.21975341262,7.111457140588286,4.414067691464988,458.8359449348243
26.915063971068122,55729.0317834733,12.34838945152525,9.070771239036263,781.1167497802625
29.982429564154636,56450.624707866045,10.337862722257524,11.549994915827774,627.5681029121895
44.15402117702074,,12.475579407058067,9.71705755550052,735.9584872343556
38.287511096596845,53581.8373853977,,16.094853948968314,657.9801484058734
29.702397962329613,46114.36781268945,12.640254772930959,0.24449067980687644,763.955553602547
40.13267433113356,47054.75226372533,18.357402603412236,10.7179396825258,611.2638035447188
,48925.98110878904,14.98023429380696,0.9101038730642266,540.1379574822188
44.68644990532889,49441.66645235238,14.901423078832485,13.798561477420842,792.0504287271064
27.979469061226474,60914.4431545547,15.866621432130206,9.527706427789987,638.6519354117859
31.723378534022316,50779.18828710949,10.583500646657694,12.098049860120591,672.155847362421
31.078918468678424,60989.60115823369,17.117335362260807,5.68058519705117,773.4751914044796
20.364850518678814,48789.251298371266,13.77270714039362,16.397324658288756,546.8044757905565
37.96120277064576,51179.52785474136,,15.208623320294256,709.5490897639257
37.610552721798896,20026.989732018385,10.784428300879533,12.917721515059437,591.0105243537109
,63744.91512053722,9.338723701951807,9.352413765682796,636.7830644355628
32.65412866624853,55197.32713846989,16.453668974075086,12.89928642647566,657.2278965384289
20.84629257949586,64970.15164789478,15.12922857829255,6.465537160063255,499.9778138553064
30.79354677234641,,,14.27777829510356,572.1162957179565
31.572854834732304,,11.391010756175916,,785.107289241314
,47906.15557767239,17.376304353244308,15.35305279989593,738.6191188584796
33.387142883339905,66622.74225106275,10.431764321398017,6.351987650962952,643.7360422672765
39.040508568145384,,18.92801885976789,,674.3123458512894
53.8618590121053,59191.608575938546,11.298137796056395,3.5342922812067616,620.5757494363543
36.74577812831839,,15.91517577682515,12.86195155587838,785.6583385827983
37.57550390722764,40643.465589562926,13.014144572753047,12.253017064312694,629.9647422205836
34.25554084233833,78710.4703080018,15.80956229324703,,673.1842092134848
15.812287847009586,47139.7639885498,12.367657993657422,4.191080780438181,764.6030144142065
34.73486124550783,53261.49309769584,13.511621281783118,8.584305516281164,572.2628515154094
35.60230209941027,,14.122757526187163,8.49570126429587,805.8789184496894
59.63242112485286,57435.22831958907,10.993437632655581,3.9526153229059737,496.9538590256623
33.076390352188774,52256.28357715365,16.22247303626038,11.944893646760919,812.9642131112798
38.015473423336125,55474.41503699338,12.460359300585244,11.25736804470256,612.7324416048025
34.65288230294757,86051.23377857413,13.314200253979944,9.028654340107403,625.7301252174718
23.313219623804677,49135.71804449622,11.016951876174463,6.221042499208185,460.99898288170573
46.42822814515021,53016.485700724515,6.3129990236140685,15.243535632082818,604.5205282622308
42.519330326867745,65759.81594011417,13.426916712199493,18.277035565441476,546.0193468973116
42.910319470430466,66582.88899436976,21.237846264838748,7.582192580767314,589.2353654626527
25.90612545205261,67805.4545834057,16.35381286369407,6.939165414225896,636.268903421112
49.02794310936099,,13.942218860796816,12.456038327059982,745.7791614472906
20.981489372077192,32854.92630904275,13.211327512375197,8.209853101265068,670.7603351400626
40.868570938002705,74501.47298451644,14.067397678436139,9.303013996683829,680.7676653401114
56.90455625809979,32804.81910471968,15.64135734552563,,540.4480611154438
25.094636748693116,54539.531978585495,10.457561554073465,0.453219562463536,561.9245910397269
29.33702270397228,38685.86224970963,17.342965084006615,16.591511624263347,829.8725018351312
35.99651365087641,49037.92480110511,16.146143946323733,10.363402621646706,576.4798965236753
29.965243458838007,,16.154557177123802,7.9425342771890985,815.6208252057296
19.493365689338674,54820.35823175409,15.315427216429182,9.553829228892756,625.6938801119134
35.68562974806027,,14.05884997308197,9.812146775102594,650.2287936143504
24.37696286273895,74205.6690358797,16.01858370790046,1.3439934827753728,757.0365160229929
39.73592430635182,56803.014522709695,,17.47469113726618,777.1892421938657
25.80575765766197,46337.65047064027,12.937877867176928,10.206628161353093,638.9187439720913
,64461.307524325355,12.279194681309297,12.215010652236876,611.1756946478461
27.167467076637628,67842.05733386961,14.30556888578596,14.757748852870215,644.4079551477787
31.779384837943244,31585.88277294511,18.647060454485562,4.894187712198499,683.7957528232118
43.135172173696695,58961.00104774787,10.282678773038297,12.367359495176142,739.1303686869755
22.69135683566045,60517.591134663475,9.59742420274268,8.661794545506032,650.4229858994152
37.27459934604129,45536.54744960012,,14.233853876082469,711.8886298023153
48.07142754282428,,14.152663105568054,-0.6361371017574768,813.8359732270941
18.925167654387725,47749.1661945121,14.520024993111225,9.504528498793656,688.1309612264785
36.84633858532304,,14.7318595937255,,681.1652856004779
37.598827942484235,47403.922635741954,,,498.10891749099324
,50233.685713722014,18.469590315806247,12.35022093684101,386.9269863170937
22.63049289121918,33555.87369657197,9.197288064570454,6.46187052588987,688.8375729230169
21.795433869157236,,11.514508925659262,6.439130679119782,640.5175768719128
40.21941565616898,73917.57594837458,13.690235719552858,9.446673157213352,598.5217325085258
37.96984673233186,37295.57977522508,9.070433566537499,5.516788863423959,674.3530204186345
37.504928503458764,35129.114758155396,,,643.9596270803091
38.46448209496975,17699.148295944276,18.984410497184054,8.15396399776277,762.7780250633898
28.199752784215093,40415.57378465746,14.062659464887885,,658.6110868258978
37.322536971610035,30153.653098887524,14.69210271715605,8.125889716890969,575.3076714929832
37.93072473298681,74630.22740204554,10.219505704482259,4.8072808957801385,749.0166238959289
27.85648581973632,65147.25634013952,12.150915775881568,,628.2868925053798
53.65774511144757,39677.74482233414,12.874410859028188,3.8128668088871374,702.6536683672307
39.73832920911788,83786.53708016463,13.046854709731297,10.54704235916485,602.2589293807199
23.086965027973513,64726.48230487391,17.844931385011307,16.643204141241156,585.0173114502563
41.5655360863383,,15.673073182175374,11.5659223693249,658.4168230185696
,12508.914276896401,10.665626129188905,6.967483058921301,651.2828643543685
42.87084603742452,,14.739514335296015,12.279520975853513,697.9827035366833
46.58595579007404,29156.41299854606,15.494665245490356,7.704548448905041,623.1354246690257
26.793176816482895,25319.01879564662,17.4204471155638,6.526998154184277,466.3640216229603
44.63376129244322,65338.5564801446,18.741622059705122,4.228186658835078,606.7226116411612
39.12780926936498,,10.954717424516394,1.240855966241405,729.3818467143816
43.2206015999449,70764.09227765776,11.567427466368986,8.050381467202774,620.2623920756894
53.967929826539475,,10.22726642325615,10.790267449600659,625.3616597485452
32.54611883997129,,13.297940422679055,9.516881649925551,748.6376505905937
27.462638356425103,62801.23338170462,15.399075123339003,7.920165360263207,578.8026772741077
26.104855703744768,61383.92884680148,,,495.71967817571004
26.841897150345616,54217.87135954064,13.772146929072433,13.041230958424842,633.9368880474506
34.228982905858956,51563.01655927814,13.040457430235469,3.4143404002670756,601.5826048751263
38.41151974816644,49061.103081507164,14.455273976746222,13.880139569217377,553.3753680246746
37.766907993300194,,11.494571295109932,4.988914905366376,632.4621544101309
43.27183249036024,45789.87384699839,20.26861616508432,6.237823813234825,699.1505647246784
,24605.647787069218,9.177016918645824,,649.0711438432185
,48524.90559807875,14.554221736687174,7.492989265571817,680.6981072686237
32.35343166762044,35171.133392736236,20.070818657688918,14.876562292389895,831.3407698515423
62.20169166589619,33446.160241763435,14.020399533679994,12.578140442219782,615.7121138442436
41.25667347765006,52698.41226730218,13.429882894995517,14.892110560140175,677.8348634644669
26.428424435837172,70880.034295169,12.927663731568718,12.610712729669679,599.0786637400865
24.291075019388877,63774.7490900347,13.458824954712776,4.4816508573481535,565.3640280113027
,26442.490945652346,18.11854542402959,8.346053878362213,591.509234658223
32.76537214674149,35155.57795144494,7.3644142660114795,6.099004354412687,602.1241428478312
42.14000494092092,64111.567819823234,18.600301103888977,16.6528745201952,685.9475797547126
39.73237624573545,35262.68909692536,9.728128542649564,4.0160567678684425,884.9075786700757
34.271710873431275,46630.50275004463,13.200043012296756,14.468488446945553,578.3956563724159
26.53206281931595,,12.712266739104015,,608.3374694384538
19.851527753141355,35474.83317704547,,19.148101008580436,643.6876986888752
30.53485047932979,,9.205626944348758,7.951567036852513,689.5798848709748
43.56398794323472,29989.617576226934,15.386517998245829,,676.3550811954785
37.14093744130204,40979.48534073179,20.072928869860558,21.408259182694213,778.4095793948118
22.54261221288012,54796.72901213806,9.910477986221569,6.911791615331516,407.36079294647914
,26105.09399702496,14.569118502831188,,411.3070129804327
38.85317379728837,56607.121069405985,,0.5999498304611812,600.4121827989851
26.16142563798867,49705.433016099785,15.277661618579106,13.563560144306656,759.7300187543709
36.53725105945528,,14.057443332247257,0.5842489597070806,493.4351968394404
35.58208718446,,12.075539272867072,8.138404735310386,349.23676603062427
23.57029702169377,70462.10644960766,15.463616854613221,12.186565935194803,707.1179406219209
38.577873603482836,51878.36753971861,19.41304432936023,10.92587768414957,674.3657223702714
40.60784526368234,43558.91688312121,13.427288624818104,12.127224320920861,540.9791593200571
45.830512431752766,51834.46254548425,16.159273826444547,,551.446039927907
45.53802052034903,58149.470435545816,10.120181126386509,16.394329066566968,553.0256280365326
21.22330632042909,50732.901054885566,11.130690869545974,5.238418096306015,661.053531747394
,50608.87536805824,15.417218833641133,6.615024307707343,587.3684723816993
40.1503526720866,39470.12468289867,18.452348085607895,6.13670277364588,699.406391897552
40.13785950912209,40056.48623673578,15.06684004635698,14.15095905931305,364.53733370956087
,28960.920923004596,13.060825908430537,14.501992941975317,564.31481348722
73.52731490654722,,13.997874216270063,,537.394603908895
40.70890510693167,31342.051469130725,10.248776798090848,15.917468334449639,624.3659321627508
46.35565640180599,39606.42203306139,15.8135459790661,,596.1952241509862
44.54001763493203,,16.646999186970227,18.336120557755685,729.7843779895767
41.51391251305798,63423.86565416662,,17.61619310856129,464.06632283399426
31.847307553596544,45575.75482561958,12.589873556721496,,654.5491476330752
42.589692204932675,68716.131090106,,18.9089945438553,705.8336423211706
27.27174785462428,39897.640636341974,12.689840791878213,1.7168839616111313,835.6647436561955
32.63181393259991,,13.801602156122533,7.37775931868674,601.8234028906525
30.146364521708964,37469.794201103636,20.299165367499548,6.323482696590238,682.4458604352517
35.81874139386323,82177.23691660083,13.25892289776201,13.607396618786716,469.6137207437635
58.146585666735085,32186.02371455731,,,410.80437956869764
16.32734807408252,,12.057374583094523,13.787475746687427,734.47743757817
41.86260190374514,59506.65321398148,16.23257591449981,16.852680719983567,649.443970635193
18.872841288103483,56206.986461772474,13.45632748034569,13.476014500419996,767.8512689798423
30.280681342105666,47220.68511683438,12.051880885035722,11.418755118307505,512.6597111030251
45.889505969673664,48052.689503998605,17.963912096819037,,701.9902139528753
,50657.17207968664,18.258809013540912,5.765745169373177,836.8817840543853
24.222552220706937,47794.96997557267,12.198729302783885,16.248094526483335,691.9705608357266
27.846962907400318,64458.18675192365,8.400380145918152,13.896745019526662,677.6581505591049
41.79597748934676,83157.84502387026,17.022541069510766,9.80490240311228,650.855608082435
27.696333682828634,41637.623224882496,11.946110522719987,7.910452271170547,492.9118542874088
,29452.955306313834,16.371876797488305,-0.1290393655568849,785.5572935710348
35.45571839903814,48675.76927473118,8.089688546864494,4.645737906577806,588.9142360194934
28.48399652394183,88695.64006481477,16.67779201489793,19.557095435698617,700.4483256383016
56.439440893253256,37944.88148045404,10.366484212157657,3.5977221449876664,493.6965693428747
41.33919022318011,,16.192292357199573,,532.0540335492219
14.74857413342393,,14.042819203509302,,793.5087399222235
36.86454314769428,41696.176374380084,11.138181741810065,,615.2697711042157
28.38213535231612,,12.778891061219658,10.923552373905416,795.3275476042545
43.52433334796224,74425.94934692807,,14.689577687553275,642.1769340941482
27.074792615672994,44313.08388518769,14.317683359345702,10.062496609536252,465.81022270421425
33.85263558533101,46946.29459846457,15.753238941417452,24.34201527833384,739.2067599731721
40.049872789804574,41274.786290770346,19.929321753546457,,591.0107682244392
43.657551941701215,34778.649039607,,15.293642649419395,719.8688813517043
22.997035929442237,40260.83682400989,18.85163772490587,9.135991313017678,652.5210867540083
31.654987641590516,31640.895998566153,14.313067812569638,13.859600774183376,495.688177205713
,50511.25202388839,11.303647855030615,12.20653575849623,666.4294765370569
28.46670767426288,,10.00905912278303,6.334219014450017,869.6223142152799
52.65454240281097,53506.788676861215,13.4326388276689,11.1449819622967,699.2986458514459
39.049817109609556,26661.56530694559,16.764950335773378,0.7104927430085635,644.2482246994537
22.391160456649548,54963.20348321686,13.617352638867397,13.016237502856969,757.5343401956898
44.17861947054776,,18.533464790742045,11.490792329952628,671.0668465203111
56.22156197012633,20093.96536142817,9.646472929845324,13.193300843215512,670.9534230262794
,55610.848547713584,13.963733156461837,15.290591625435752,540.8374827840897
19.806300340459867,68415.03488709938,10.242819666760642,11.838099201048554,673.3848025789598
30.157659271337486,31855.38471963192,,10.740447098991382,753.5443416416945
47.669111491866225,75088.58580256555,16.6606621702919,5.594658316693539,566.3937847899975
27.923305343812192,56285.285140490676,12.73771461895684,6.438896181754745,792.4495821246948
,39424.82216362387,6.187358430118597,15.933673100886654,640.8293975854874
42.74634053429337,49163.46383513441,14.596844440389484,17.181677028529894,561.223048846146
25.73069528421917,,15.310215655200528,8.809447818439729,749.7632076920245
,51140.080871186176,15.212884264885092,10.23001373626637,621.320576426173
2.5873265993092716,58081.33988669554,17.707346575466463,5.476928125031169,725.9514887486108
24.756123586657104,36189.89610380951,10.786838961052855,15.863784226337224,620.8241367741463
32.4743184860684,52540.41236054117,16.040648316351348,,644.0173856470096
,28794.282546425296,17.577522537433925,19.706087182318747,699.3560204334292
51.32411303931635,48331.60907976949,8.664237247980449,5.608384614101306,679.0897057590006
20.698586220393672,36441.38537802815,14.958955477756932,,450.44682195482613
30.59955513303016,38967.050861153504,12.487460506976985,11.157229612627862,537.8756259905608
36.30740577286091,,13.755431980695063,13.232447688628852,742.9409984790816
49.412732890661154,,15.043029450615009,8.921661812261839,636.7863411098452
20.641378488205607,59137.071813607654,12.538314307659343,5.635194547731498,597.6268697228578
46.63163752154959,33615.308529911315,11.972875762515164,14.407037644617855,514.1425984742525
35.10233061019587,45253.87325457797,14.102457252464074,13.605676812727907,542.0263678724152
25.18491348952049,68196.46549968775,10.738262183411592,5.418629497181375,447.82013600380526
39.62103474263271,52125.753704598574,10.742524613344443,16.77721400552748,639.8719281298468
36.9905969557347,84789.94309972541,16.03811984886951,15.85099354598302,590.1562419418954
28.997831228412053,,10.55361789452403,,553.3412109014685
35.69802084990019,,15.998937502727635,10.397989311880181,643.1876574832047
31.1468640313824,45363.25303696248,15.387773878561854,12.770288855579537,686.3970630852738
36.13517345251248,52003.11357173423,8.82257981362821,5.691484648718709,859.3197932209945
41.62130674521047,47712.952454291844,,10.150157395820411,498.8116580436787
50.86016816145352,60621.630150328856,,-0.7619177230459009,765.9381043300522
22.62184501173151,64350.53475191876,11.056503406580955,14.382278227514679,747.3101561015072
56.330333746562665,,12.606787213071836,2.1925338877907032,572.09072606233
15.479122004774982,30031.50569663333,15.38618267975569,,670.3235954586031
,22456.919403450553,16.350171527847785,8.349399530167748,604.2366750662385
40.883172064845766,57619.86990368816,13.245383341866512,8.941665090344115,668.5688580418739
37.809918677350325,33449.50090739189,,6.861330469577472,800.9131013404551
28.773004801794063,17706.64110571276,18.267109585095522,8.559805630389619,710.5606232631313
32.918777496427246,55828.67906796446,19.216698991392736,17.092656725740184,700.8608373233442
30.069990653411672,87394.99276149186,16.936574152345386,-2.4390432826753976,606.9690680045358
29.106352430557884,49908.9363269016,14.255954427695071,,501.5943335075665
43.496020970210246,62577.36161677463,11.57520283507722,11.690117405508541,629.1531789459592
38.57015485965047,51227.440378213476,11.508666780330305,3.964891760713922,770.6608154863915
28.07090404739346,,15.567542315797272,4.623438034753811,497.2832143410352
43.995998754332504,63786.14724481653,,,544.4910631823304
38.072995208766095,45645.88183717023,18.204795778839287,5.272465600286344,662.6267736234068
43.1286211883896,54010.88471107854,15.951350277608418,4.233247447020203,551.5345215152738
,54825.467092940205,9.490759094720545,15.686572711823647,570.7476552884788
26.710049890779278,39978.64319535427,17.155842853168757,11.692764381429571,607.6401418271823
29.398189598030307,64880.635243047844,11.005818118056762,,513.438259580985
42.472936051232615,,12.848086184142945,11.083124877023096,552.5878153783632
,38663.82260760733,14.750600618755083,,720.3427916787309
34.79098406035852,58047.64765355605,19.987002469351893,15.504106992113027,519.2630217769035
36.17327383308782,36522.98027313444,23.329755668016084,15.306854824365669,490.2127865505162
47.77664895788425,50422.717360536924,15.820169177408548,12.660030994109714,586.9975020466105
29.084286111641703,49863.21505033695,13.450410143838836,11.808305306235082,723.1955502509845
40.470973811700375,66288.43348747367,15.603516945441651,18.80594062433687,630.3078192003111
32.97807347566106,57120.47349319929,16.662966277621507,9.998431636941126,603.5418921884382
32.8231879677278,49624.595618822845,13.037997123328426,4.090629372895994,654.4358797515607
45.9877685198719,62266.494488004304,,12.247369564161534,475.4292567140348
43.2541634898803,70853.1132352597,14.690212277574206,20.43023524768557,699.4705653775032
43.135096360006386,58367.154595277934,15.493229267274183,4.92620253407074,688.3435031403644
48.05478807154329,,15.997772756163384,8.192686166530072,609.0691525904278
,30322.456514747606,15.264759831843367,12.082230190507264,750.5924511796417
,34023.29505386941,16.516821501408835,9.730475754971303,537.2503901046962
31.89733243406544,45421.629434679984,12.148240440359231,5.0884820981134276,762.7908993253569
38.24166352488442,40857.31696761075,12.325094738161908,15.609289281152353,665.4493665595251
33.698569456323156,47195.43045521831,10.699537301084916,21.600203610086297,616.3447410121827
35.96995964992718,50849.74887345661,15.318503691860679,10.980657295119537,648.0126364631689
40.95157025436914,57945.391315350964,16.33680951053634,5.479658551319998,639.2735234189058
26.817793167665275,,15.373318598455658,2.2551973747326244,772.0282896417717
55.92387275685461,57297.52465739303,19.02347730004261,11.289879906105904,542.3320872528986
,50967.1162221518,13.98321194351286,15.519386716581288,573.7480760853401
22.85811387212268,20368.00150469193,16.006224966777538,12.375838732476907,753.630289207248
46.581108735000676,35909.96909271869,,9.987980795405731,590.446506481614
42.91662693962936,47838.686664175766,12.838700892576798,,740.0533077331592
41.24119817052155,31854.578857383385,16.08661327269733,4.5391818364095515,819.9435983008709
41.2834550926428,58998.93094994307,16.547306332229432,14.17375663162441,609.8204973058366
34.87753227153085,72961.26248515546,13.118099157007453,,718.1362326575305
26.027456285141685,68281.42777545974,13.785202244425799,2.271351066546334,534.6307718660141
35.75804558193726,46798.35693604688,9.446378759957572,17.94919489090342,725.473329806781
28.228382884878883,,12.928912397580172,12.870356104470007,669.9423985986767
44.75119733417751,52230.01185803167,16.67114949055936,16.997973225728966,697.3038282160215
33.52942618497861,44943.71043322941,15.7256150483197,3.2893612575744244,585.4427927964605
26.745028032074885,40798.960046885906,15.50199716414363,3.1708792229228058,483.8916584432827
31.786141583470066,,14.14932106154288,9.255153451163515,700.3252064749505
39.12931454275624,,,12.51392213447597,443.65968475205455
29.36275447196025,52556.243335632316,12.019036581579659,18.98180411463482,618.2649507757466
26.777796044335687,52408.60971574797,16.096485260607604,13.530394569075657,744.118186641997
37.436872114919126,50045.69030230122,15.26291883316817,,669.1897735873036
,56554.072546195246,15.476056543978398,4.868153961670539,844.8342644789814
,67859.69412179512,12.421895471997258,16.150002863595752,752.5109152581773
30.28961694381677,64243.312031619855,,5.176472871246426,584.6101611674424
37.32049937357636,27726.53047325145,17.291458135261088,,652.7313379851439
20.519156585026757,11691.182976470678,12.563487631974787,8.578076751967453,645.2629297455564
20.925362256234447,64014.79866858911,11.411672707870638,17.952910363089252,491.78232366538725
,29496.819523768685,16.08043673574198,13.394656450296392,555.9601083515647
32.86552848288153,,12.82396208024261,9.315022552787708,593.923909302014
38.10907565598005,32448.304609109608,17.179809152139867,7.403018140869367,446.3779497144063
49.753562169495524,22970.293436299704,,8.2954606132696,654.7493468251643
43.576596232020194,58121.94092307182,16.050707969601433,12.141583461876188,625.0928155346959
33.40061470036573,,9.902132866398397,10.385782481088583,482.71060986884254
,41352.34398909921,17.6358319561592,7.030942959656475,690.4212865277332
24.97470635362191,11134.365617826348,14.783751593701568,9.17184294841184,721.587274469096
34.8148686400761,41806.33327621276,12.892168582261391,10.392885148595749,672.7034478864889
32.11341361079862,55877.060081038195,,-0.64367047207406,617.593182479103
38.227185603380896,27816.32646838807,8.67129430130504,12.290840573943493,709.1442151751855
26.72769056447677,52750.39879668733,15.225958434442013,5.101393876415966,718.0220360476691
40.193465142411725,49770.35226240507,10.911885475453786,4.233337983971275,680.7403569719688
50.32738913002578,58689.37249401632,9.941989142469396,1.5632782644464491,567.5387749565239
33.91239851543143,51793.705526212296,9.432922441346326,1.0305375106605492,677.6600765511181
39.01711722098941,35403.96588677667,17.338065124969777,3.2227624844385536,769.5480650825479
41.90143991711113,67948.57252496737,12.112209818921635,6.454895211847548,590.337094138827
30.987795281141636,47622.05640459545,18.601183129749497,19.76629568763284,859.7939339132431
37.24092481810417,49590.43190735102,12.392595610843106,7.37060162052398,597.4369066014616
35.12592400781795,36000.98061390206,8.87792612722116,10.888750531340158,653.2407013340136
,43350.766232127346,10.650426680154023,12.002406932531644,582.7514403993664
,36727.95928959649,17.707434860020815,10.655325931079243,672.327083592026
35.245101742589426,47405.809101148654,13.532305466189998,,475.7778307364725
39.979982912454496,75675.62720213515,12.355138110528197,4.023531182003777,595.3958201183278
49.51143607795042,29421.482856029656,,17.25463774139606,540.7878799651432
44.59270826085207,25796.579031848883,15.505348208502635,19.035983218189426,663.5338347892291
56.531824575115564,,17.35219644770738,1.5867065293865714,749.4447375508907
27.326524371119504,46860.14484272201,18.34549768967878,4.8798570455681025,714.6006187114551
43.723206367206785,39963.908920101254,12.920694062632743,8.600948288114969,412.83406391411074
36.83342005738352,65598.57031094114,10.021856941753885,5.177311025449043,854.206965292788
,40915.766903947035,12.759604516630173,12.529827767279325,679.5279940620868
26.917017146448487,77390.14570320403,14.780841519748659,6.358638987966935,572.3500859507
26.60278157819224,,11.108723221368168,20.825280339033014,665.7127918990941
29.00607354555978,42681.32887781446,11.12854725531487,15.952742971717981,667.6189822502693
13.76104275690193,82359.62319898256,15.031363644649657,11.062870153161075,583.3151283048436
29.74244978319239,40914.27615494993,13.854042945288647,15.13493131659866,669.7916667342075
27.40867338446302,61131.430580139604,14.09839098623476,15.529502121786544,589.2527712379692
36.50393786476208,,11.724513995899791,7.180262559708783,609.5638007309977
,69526.11934098197,13.308797857382698,5.918913777290176,581.3720864244915
53.761708392158866,73422.66795090279,11.227300567195087,10.390715314848237,506.73287102603473
44.5042383818605,50480.0622359865,16.67059523337436,14.30818062248972,664.5836470215384
29.23096344337597,,17.105748004171257,10.695301993267089,708.5299436516339
,56899.582144086744,8.461436413285718,2.1150175890450136,701.4883596076372
39.919191715065054,,11.211467419422771,5.985877780245788,731.9925252635235
21.797667929793576,80200.80871289935,9.510412234729763,9.63013568202811,682.4340210014868
53.31458765854354,52048.02996624106,12.049928196779305,9.621671978370848,596.7274501783096
46.79440120721287,44520.17673031837,13.749686090628918,19.862710883949042,733.9663864431188
30.308243478952953,52770.204587973625,9.651064340904409,3.07006028800501,514.2482460158064
,29793.10565705455,11.234420560624061,12.527946209179373,559.932861748752
48.538723741654124,35425.789422340225,10.988127883755505,17.44556554164145,553.5799928576755
33.85460154747382,68006.20861916638,14.621801988196832,21.35724872711398,758.005605913931
47.378163119734616,40146.58581542906,14.208033011108752,7.978012884080194,744.2788514140076
19.05572341205633,34296.3352597709,11.83478733998824,12.457147263600998,698.7305237044994
29.006249770462272,,,,757.1929865211797
35.05243699718183,67785.56231994496,,10.977408657766453,562.0717217588012
,60784.299659976,13.18503466902184,9.50577399380347,684.859511986098
30.499345285207564,64940.715287087245,19.02035627089561,,637.4825571616835
41.228499323474985,,18.021383155371044,,734.6882103884914
24.323795706174057,28672.839998872343,10.101256289217208,13.410347450313157,638.4775767447802
33.576205149787064,72520.0047793323,,10.630889518309836,611.5057111589919
36.20295631711899,45159.802417367966,16.434189663474776,8.887625516108674,704.090851856099
40.14438834058749,46237.50475317429,10.555210133742145,20.23431097859779,737.6169167191233
42.1161487808889,69922.91212773586,16.456332931264583,6.625329906047239,583.1654805153198
23.753579081621307,,18.61379575523766,7.984620054674846,643.8924328647624
19.658858292643778,56838.31658122411,10.632365581266757,,544.1559366358347
47.77676821898509,82475.03517351625,11.24749153695721,5.839693475750717,400.19389825070607
,40347.22654429785,17.05298440053051,7.249423585317306,670.0459631413729
27.515134634434464,63917.60192121856,14.814485932476945,,710.8905356254631
,50855.19687345627,15.65442882571857,14.203672410647746,676.2066809086725
36.156746342928585,,15.02176764920149,11.039012536766567,455.0438282245633
46.792971840638266,,15.172087762784432,3.536873264238687,614.9150569923526
35.67518481410109,57617.53634434436,10.020583615066752,7.339157184364052,428.1652239948919
55.60747924881987,58074.441185744494,17.141953119864347,6.963227833938943,786.9701107654184
52.55340842443204,66087.61005964704,17.508769977283322,9.613894773884772,541.3945417881914
32.51035851520926,44525.70905685672,13.311827767795917,12.129218293149146,775.5403609459896
44.71570950954356,37411.85498991491,13.869569150558412,12.09102877943986,744.5869643684146
41.45375949585147,34327.862089684495,,1.1199412297579894,559.9409647463938
,20504.65115935997,15.542764268053505,15.31970493780428,536.7215048732255
25.350765394198955,80843.10694910484,15.716172325142432,11.262844229983118,685.0370216386339
41.86051459998439,33451.87451417475,13.813426949002068,16.92266023796953,565.5675962816929
45.58424486849588,46681.19564621342,17.37306007961151,12.220991636453359,660.2484642158207
17.412605135768857,45847.80050166619,12.997768307060179,15.50661478867881,601.7172409193082
23.16741487334225,54611.10046713651,15.6938177776808,12.332726557250634,471.8841585534367
14.607678222398995,62236.05818808945,10.941006983923653,16.73112878101374,426.9531980875541
32.305931655554424,62907.10232539618,13.929343547377286,12.611253180088893,672.6684248494597
42.17542255795962,41253.83842146592,13.476937226291492,9.510423767785479,593.8442253669375
50.02357052096028,,14.675923766122825,21.362173602234407,594.6910183085868
35.74094780419775,54238.69925732449,12.891419213499924,14.44518561139946,719.5863839093786
51.286155455712915,46269.633107246795,13.605582212984997,12.868722105022066,767.3442276632445
21.198985417851084,74110.18364029989,16.47814151432452,3.6184779173083204,622.7455278638191
17.966175606448452,57364.62427457377,12.689707288285348,3.5584619126823114,615.9401293090139
,61023.16679074726,9.180268697783962,11.463577410709267,700.0143033113884
38.840654489393074,59943.21903001119,19.24875171261626,10.727605988841203,514.3064430300425
34.67305251905907,67602.10786227987,18.14436223607146,6.9293871749584195,672.3153054747697
14.325578999601234,52715.3233805556,10.123211914683143,10.7049134980603,705.1885971822154
34.10879960487212,,16.069123415735582,17.943134640217977,718.0230208417629
21.95530499495147,55995.31927628962,12.49107568834597,13.477012372751494,456.3247297497535
,40229.64659312257,14.79046164599318,4.294957451236309,573.864473019106
38.66598246096848,42070.74977375365,14.882672387040481,9.442455864285282,562.1736747176533
,58795.4602813264,13.296776599051034,5.9751675957371955,659.9886954409213
29.861330826633065,68574.24607150453,11.648703003240811,8.061500417957195,698.0744579767984
24.407864781110483,50319.073651040926,11.928376843051222,7.931921671851786,799.6710407445981
34.37320902726828,54632.49518898446,11.251424253556273,,600.5034519631927
44.551423205012384,75533.22416952858,11.504533375308666,3.7243231401330252,600.2427501690786
,53611.297692328524,,9.361726592409049,764.9672018878747
40.040465155178445,89025.24671270592,11.852720032667744,,679.6576938530305
29.69742381627559,58482.64468447316,16.04615619713786,-4.64724345001134,776.7651511187973
27.071271677376558,23588.558612662735,,20.264860122508317,678.8728003009836
33.929696400454425,61300.12431656799,12.259840275889871,,534.2883381286729
24.647576775806257,55717.37577324166,14.718213501606131,8.11849637537502,516.6871645222193
29.463506946528177,69346.29131124119,15.499055330908801,10.094095248702992,494.84877509410705
,60097.72026904937,15.416006812757823,4.141728263412191,716.2051834758473
54.64725132916389,47923.16024024339,14.227865803748262,18.47861438905433,768.8596823087008
,31635.526455659514,16.22804725507917,19.486443473865556,834.9362141386381
28.002744920074143,,15.446746858041971,10.783468641232623,734.310533232324
37.13979910734222,37242.1931868605,10.287012733018106,15.117653220926723,766.2838577534985
33.8767195030917,,16.60746819316782,10.876433894669619,591.9983667346315
32.79030400466777,,16.661872511800226,3.3163728056203468,534.3584183256144
41.14166700043425,75048.56756527109,11.710141687464255,7.940883155181714,735.0079332417554
42.57507710047305,55920.07294734471,14.113813506342806,10.659639833859785,691.7680752239401
,32061.754069472234,16.049986978433207,7.7272614062827785,660.7444374340893
,56669.040023302114,13.372058541261914,8.90673361282482,688.737148063299
32.24948302848356,67949.47229968477,17.218934143298036,9.543002212454427,682.3185482458206
11.98078835264415,40853.25643520927,21.09161748385808,9.595607510672693,778.3816859853562
19.84808937801448,47989.742499906235,,10.261292452487416,779.4985584816956
,50220.32292093796,9.856866190538675,4.6969746680169955,704.4220352340348
51.449677135012834,38226.5253037664,14.911455786814628,,734.5802872562929
32.50963960443622,,16.164687515378432,3.5770786715001535,701.4062552424775
40.765569630557664,,13.307400878465693,14.889077748431003,603.8830267965382
38.112501545435364,56292.98665860542,18.359781989963103,-0.5282347092016231,725.6564674913141
65.78880808455239,36687.6173329685,9.984182600830254,15.767951716584626,510.55049311407384
46.195749114345766,,16.078755869094834,16.931746986314216,755.3891552295884
33.72082408519233,60835.72036741657,12.18241753772332,8.489097065086893,530.5477060233965
25.444595593995743,44407.502718623495,19.15813371862189,-3.015685439136494,678.5803286794733
18.935536797424277,75904.45776850107,19.977546059504355,8.193447190163548,565.4846041573841
37.03463635867223,44005.45721578097,11.700030236649956,9.679079193555904,705.3388983074427
27.436492547156966,53370.27088627829,,4.947008900355433,646.6074774072091
20.77746290402326,63988.86247809635,16.578763660939405,7.423908030958787,490.5244041836668
28.534271157574736,28724.514006004523,12.838608050631457,17.650975994316756,692.0699631018479
24.18451996385605,23587.86782028836,,13.324635811508704,592.207922316729
51.871416350725646,27115.15528144858,14.07616526162723,5.377179428109501,738.114672081337
43.816397569494505,68938.76155140773,8.24098053140703,2.0120041520228398,650.1325688734407
34.92027358683383,41722.127811613296,13.958486761717289,8.364913411951145,689.5420985388038
49.79944138890026,88372.98928502378,11.930816677807478,8.93271610324781,554.2431044984788
35.77368307647618,41536.286020139174,12.520631532800683,12.480995936816582,591.0667768572638
,52768.269547955555,18.33089601040644,7.323416437161705,604.1361363898916
50.23124077269657,73131.64928851814,10.230479317162231,12.557497876809308,735.6702480242556
40.38910043684659,,16.439615560243933,19.675770200301145,817.7377087805489
24.627538456735437,80922.55364954597,13.163111209004574,14.077505112221314,569.4828248257123
33.09661321916392,68125.49345889714,13.160719494512497,9.759557463346137,757.684814465768
26.24381746615243,65360.93788717194,16.371115688155133,,433.0322582274298
21.17200269035664,58887.90423801775,,,530.581059890771
44.26177547531641,61675.41614249957,15.711838991658592,15.903204562260722,554.1221543813225
54.094166404701305,41732.214255072,16.904553981598582,6.863432770243485,514.7491310559278
21.01432426180859,37727.016748665395,13.006074850450032,10.226113544999913,491.641161021242
40.62969236690571,49949.38313883572,,10.255989509405426,691.2998912137798
28.49357430878173,47447.23066212607,10.744548420326606,7.49107903594234,628.5932302272139
30.12874616235304,43201.579260090875,11.523768410063134,3.137672260579496,687.940539760511
29.07606075761131,,22.847283275926173,11.61487251808834,719.0472686121514
26.36009230320184,,17.73403874221036,9.694980140723082,676.5616993172533
35.48521627944827,51326.10329437771,,,715.7763176150373
26.69049883588962,72162.95121582893,10.03262612976929,7.331998467804166,643.046771375773
37.704568257798385,32874.66328799742,15.445598185155475,16.10410649406524,531.3006611694256
34.49761890550863,47095.10811080423,15.641794392133901,5.616131093940776,755.7814180820797
,39247.66519095792,15.646651505952093,18.560201420089463,591.0887867218873
25.924363379584022,,,1.2618174508586915,556.4403701237574
29.232286694316674,48759.78971235951,13.623637219991299,12.173850322784457,632.2082124195601
42.55391225825756,48173.78737425074,14.983638572478073,12.377153412633117,558.7189080703487
40.009171876243805,72701.74614863197,,,608.2569618010568
25.22444755201449,59462.17526832166,7.342098881757394,12.121969689305063,684.4053921563467
35.99332305429226,,13.310601108274419,16.397593348800793,684.8341739246127
42.51387123371789,77811.38849501283,11.44578069721906,-1.084094196770323,560.2169933574371
18.305947188786284,68315.5054328803,14.525634256725535,,601.2294627051256
40.43360192379935,58731.465552029236,,-2.4663541016503885,757.4333004770244
,46602.738517252525,15.102444996422914,5.1716759823839595,699.6400117733941
40.70598668593159,35608.4114491478,13.059410941482806,18.145831824504725,857.5065039348542
27.36740843457483,,16.765404505931755,7.09108983303973,768.0128173741527
16.95117899335481,66331.22929556279,15.448063661627637,4.130600177955137,764.4293068559939
,78268.79458901913,15.260283471355525,9.01031135507659,511.2131449544198
35.48084946661382,,15.820551779647014,20.33953169081776,726.3860351633423
37.59722501721482,42667.258673205884,,0.8415887639698703,644.6893198303089
25.956833748955916,33205.73850066483,10.607334694022253,,594.901819646175
41.38592458777374,52113.29370366806,15.420896230434364,17.487158415898133,666.8015340532529
18.3847993773104,23473.409516557225,11.220856610055385,19.288511717688664,744.5211534611484
34.33920201352684,54847.515712771725,15.666537939026744,9.48284387854858,700.0831591004212
,47785.96120551997,11.243940465541717,3.804736487366788,562.152619865794
28.48163892197841,43009.452471976365,12.747899559184747,20.479217509045796,724.245891359262
35.47398671316414,,13.114730257286281,17.972211958745984,586.2412457924036
26.395866347160478,57704.00159854575,16.927450158034127,13.394734938811165,671.6683118964286
31.154444557701748,42009.487405071326,,5.9379882553128995,619.6649932522865
45.0629280921444,32451.24746434568,10.262847870660845,9.754853295809816,628.1133748264374
29.231081304768512,6916.066800775261,14.164802332999546,,726.6242975040509
43.35692112065142,49587.27642424046,,,545.9806280184102
23.70293145342382,76583.77395004616,10.224485267973996,17.25500719065668,844.5195074276933
40.298041779152825,74918.88821821805,13.348948848726888,14.397085205687016,467.8913930705504
,43143.55615120592,13.074551634632542,4.613119615076209,590.2332316745143
,40966.81909457329,21.280149459036565,16.882482250097688,687.021188994174
27.031047445295233,57031.613841125356,15.298879476082089,11.565660700065777,708.431416643531
40.7707212718054,35024.21841217563,,13.435328979294582,639.9524279428294
32.96954613957007,54526.87849729199,12.305677987487172,17.332704296393015,644.2609296998457
38.71145873371309,61491.204175770356,17.064149886288195,,691.0550085327617
28.960148132841795,68403.99835826461,20.265328318609775,9.820872106467686,626.893052254232
35.865897874729,48497.68885280071,9.242050063286126,7.342727243203925,789.3181257934906
33.44322764607921,46944.893747345515,8.360226844582865,2.1607028731727205,733.9349114231602
46.67782061659807,,19.612895526115345,11.7335498880246,737.2824351005635
37.54420843301213,37596.7946894021,,22.55778275792212,553.3843276629583
,46602.8166214771,11.3951218043709,0.7996112774712358,642.0611575594297
30.881230338775325,55510.48260224267,15.603887258367307,,619.9534051279296
30.123937759275066,63703.76939349874,6.092756782949367,13.202714675373867,549.4398624310534
30.67441812180379,37952.31573979482,14.010126519791482,10.615391008280906,686.0164183945767
38.944521423782966,72390.32853439283,,9.434359737421298,596.2354242220183
30.79015519179737,45933.14598436147,16.77281041861349,,715.5403829850237
37.89774856896413,49679.490584773455,10.958312143122388,11.163933714700818,542.9808437105669
55.75400798645439,,14.257061484210077,6.216180114920368,821.904061284182
43.711247034316926,13636.396095905875,,-0.949608524892767,560.3667341407938
31.73976467832159,63260.68094541575,14.766151267022952,,671.9302337200436
47.012139221639444,61052.6584563865,11.313961032910928,,729.1859310388068
30.919246269784487,45780.0866432268,12.775697482519337,10.258304884255399,592.9359569799888
14.618754648221461,,11.012553815629314,11.145373441028513,735.2468643432951
24.91913689082596,57739.08826556149,15.953408725470972,15.371590063577807,527.0816402199584
,26561.81214670186,16.575353349969994,11.121698283890414,795.2117699182561
31.484865159586914,,13.29613829012776,14.520087773806573,651.4149264965758
35.184183791895514,61913.970194327405,14.114713984880085,8.51258899563075,590.358859203112
51.76437312275283,31185.658652461258,9.654225756099368,,620.0818227572565
38.269273737641626,54403.368982499436,13.100970055979639,11.60392862966342,730.8919269392719
32.80899471191136,29651.272930648924,13.849386148874766,,591.5544708149562
43.294055811834895,56996.449736502895,21.862379273089925,3.64969455643984,575.0642310577223
12.88864690992115,49465.37776553775,10.664098922677509,11.434779271508544,627.8463402416262
37.356145581085656,25773.022761417356,18.392531716257313,,532.3037887230032
,67471.09031685758,16.990576320397423,6.808586367357529,832.0543907941816
,38981.12634802926,,5.923121858419394,593.3605408785277
46.43754043206929,37846.213444784284,19.2758614525854,4.668825340503875,733.1616786180404
38.38496407494414,53008.53795846414,15.116316417820588,20.62385701508481,670.9470083647773
30.847120860991986,67229.56024143074,15.167477587003786,16.656695309942016,551.5465949518032
,34762.67271532405,13.840638040947365,,649.404529078727
57.70692857804396,50925.197747719576,17.670706647255884,3.8855249022221807,728.4002779310748
36.81866255058495,56432.24750495859,17.28940770143265,10.356268749554463,631.1738664913694
37.48220586300336,,,3.5324618739795213,769.3112945851028
30.40639100459756,52646.62332915838,10.042258416203698,6.52152561401468,752.1515392781864
,44494.58241375016,13.391058087813029,5.409365082917126,741.891485465833
43.303358165442454,37586.146690269205,11.599884306807061,16.197920032207808,604.0343227727003
26.439161740911327,,13.809426276153935,,542.0157552218514
35.715662372193925,33917.9148202159,17.712314404052417,15.341896668470081,588.6412394637206
30.223425532348834,6179.742747580887,12.62809503473963,13.02060444794259,669.624094066672
39.78979825746392,56548.39706236502,13.871529856065276,21.518193760523943,704.5786713532356
38.33662105286948,63559.02261629293,14.174068204425186,2.6027788843013795,432.8428595239552
45.375399442578995,14556.01346687242,16.545292646615856,16.296166198933996,649.188679838825
29.89983601145253,,7.259331998046184,,665.8089225323184
32.30125064706629,59287.31391507797,12.17989911570411,5.133105809864827,622.2455743684449
25.212362842176926,,14.633851076838418,,779.1273839015879
30.557067399238882,50311.905615131116,17.600236869280582,11.680724815131144,692.1780074250871
,39079.955881562986,12.524292657481384,,781.0191908080897
42.56988616645352,47256.553383427396,,5.880322565140002,628.4039479649767
25.778346758223748,70623.14628722277,15.859134337898409,6.404452742754071,743.7477492506926
43.6960592010566,40310.53731313197,12.093912833523111,20.24906047892963,813.506639452752
48.55637858804951,38012.119900246194,10.431000022728917,10.003414094787413,781.1693449272661
39.13434903223701,42758.847167269516,12.126963830860328,13.910650007657296,540.7858406571268
53.76795812558066,35700.07087611932,13.446423927032452,,624.6323922457619
27.26210800896427,51840.054739921936,12.18576600638536,,615.4835294550204
22.55345296688583,,7.383301828702793,15.40992404624971,698.9254535076327
17.212797510957213,54846.18909674043,16.691198590661397,3.2521189422423387,718.6353555014533
,46214.69746810569,17.824625123836167,7.923931160473643,566.1107325974264
41.54365656354058,,15.954565974018518,10.17013705536116,656.7838513916938
34.44415329089545,26552.137869550144,10.58694298872555,10.556863009200262,448.0072667843864
37.799686263198204,63246.646657207384,13.395525398157446,9.104533574919218,794.194500580189
23.745109527016233,,13.980436054311626,11.979098905479615,598.7625759323306
59.45751979616826,47292.80129614061,15.79638316868573,13.464278779089058,655.5863939844497
36.292211819752275,97896.61351767291,16.005021466154243,13.67318772729665,619.0350286011939
36.09394794604893,54481.2936254853,,5.070980956660867,764.6027575013416
42.25766623898692,,14.245986669240681,8.579224510356013,366.2493558602621
39.810092317367136,43604.63605691685,15.371841213845723,15.97381430938469,648.3389657674091
37.23884024279131,67226.68563795132,18.3674669664403,14.473235937869362,639.4181242502302
27.095255445546883,51699.056158066465,16.113519619474168,3.13570274259468,604.6363612408318
39.714683571359956,28425.830325239498,16.367170062126558,11.757399501761007,822.6226545635633
53.82024496475034,63788.43401862805,14.251479883788083,0.10887375312594827,561.2670541144229
,39977.83871691509,18.23137743561051,10.234674510301849,727.1796177235661
50.93186626639397,78099.46664326318,15.229288387878492,19.488835083729885,685.6252788706083
29.88784323568815,66200.72098571973,11.416736269479289,5.2605364136550685,776.1519252535516
,43290.17156511873,18.21010991037557,5.82838477254209,583.2810915222494
33.74213079900352,69215.2454260267,,13.820148907864297,576.703110087624
35.557249122886944,51017.83265791105,12.670867936614552,2.28599242395177,759.6069907477398
45.94191518470949,,12.56152109780227,6.836224850574805,692.532130833011
18.075353702851807,57270.99225941712,14.889726635422285,12.982205687908763,495.5062653323241
,37304.6501751369,15.389554385802754,,596.0694985536729
33.419921014210104,40346.75251523807,14.591876796893619,8.820150063945142,688.6382653848061
30.7311893005258,65449.412263717415,,13.720928551575174,733.7764221546589
24.878956247398325,44978.37001840189,19.099872123729142,,582.0769346807045
18.451433281342307,43945.27305137005,17.214629456704657,11.334091981477009,358.5744010183059
43.231705839619146,,14.571906773795073,8.304388603649807,702.3223185737033
35.73317967188404,56353.98598390192,,,527.9679310056024
22.10039100258946,80937.87378864718,10.902428289417381,9.381336599501218,448.2661201877589
,33987.006286185904,15.193781149840426,12.289028049628923,366.7674075015859
31.642153007098717,50363.29185009137,19.427919049199332,7.515339874410109,731.3980860197742
51.69021525289393,71183.30833123144,13.34586231382288,9.087155128102294,662.8617450404967
32.40408648636395,48805.37913131427,11.457098214142746,5.05021103723993,627.4343619287748
19.96857046881894,,12.043733334220818,9.82496194996882,788.9024362962762
32.54256935914056,34064.0970777968,10.731100887972834,5.944995681855776,713.7324683023072
32.27276430252329,56424.60645811473,11.64571427561689,4.429767749190034,811.6300042721916
8.031133570584284,47192.83602493177,12.888475704229913,11.29330573927694,510.7264527833004
34.45705133482188,64785.94993519795,9.783298942464075,11.063698879288301,646.5449376046037
32.69065469791322,67810.79077347126,,13.914368674742862,488.32866250519857
41.96206364813418,88843.45463027922,16.70683152135994,7.844372152124505,627.0617668144532
53.48956094945345,58694.497598203634,11.276731459559239,12.040264234183779,625.1384146233322
46.26565029547757,54886.944748732494,18.557851770925307,12.753987861368316,712.6613637263071
32.31111309445169,52915.76452366004,15.532376265582784,,654.5563881141899
23.934740912583298,,17.09174175687217,5.87173158598929,712.3407138279915
60.733598032498605,55077.25765192536,12.02649633844359,10.746817411355945,720.3440133138894
35.59218434014488,45568.97884791456,16.563575681199847,11.820701480273307,865.4928677383142
35.13929291912946,52526.91464404421,10.724198298814061,10.03589233453971,618.4703344713876
34.758749128899964,,16.670742502509526,-0.43238829185542293,555.8977299333621
,34901.86152080538,14.515518019380593,10.8024481198674,674.6083615316409
33.556395880760576,67098.17841693568,15.659753659954351,21.06265519698621,569.7719972860457
29.263379931197637,69756.72601009798,10.473216183125444,8.199803656215087,798.1960768436536
29.531410587596078,48228.97209513382,11.314790473170186,6.359614510723395,621.6781961054768
34.672467297840015,18172.17651487108,15.791684654760154,11.866742798556992,593.442363212601
,40882.670193583515,11.154955987327398,11.561891052332859,602.8684278848882
27.871542173228356,,15.38961887629737,15.963675827082072,721.8417423471641
36.064302276918966,49656.97906551677,9.898586580619263,3.710659220455561,634.2253016768515
,35010.466515576336,16.544522638000004,13.656901262874962,585.8333179869618
50.039929885826886,42428.376181576736,10.302430055694472,12.952110306257318,816.5351917623531
8.490301916069882,62609.300397568295,15.656899813038569,9.28926731529727,564.3830159338249
45.91506851922462,58201.00352302069,15.876892800938002,11.69343658960845,653.5566074032994
47.46085192497629,46416.01851245458,11.909684544711276,,715.230615161023
14.266097675918505,,15.74607970125418,14.361576900142252,486.8664889582927
31.573124059196513,44123.62776434267,14.781326790000668,4.284903439631357,698.0260501405925
,36163.84723252246,12.383474431421785,14.100790933777422,544.4892324519551
20.924883052821787,74230.63534204163,10.974335947771376,9.676556974837407,732.2782780834002
27.221833124091248,45165.192961829904,8.112122924982263,10.364370490077578,553.7348988081023
23.894241545341714,68257.37781238244,,10.365984955008473,719.276903184886
52.52270443423623,72819.74077883677,,9.2487850560087,760.5833066294713
44.35678393147461,64974.66347221941,14.286032598323924,15.958537485535324,736.1436525632805
47.71555094994159,43525.695309229275,,,675.1316648238103
42.21672064043235,56055.95135504914,16.037428326314586,,626.8699057070301
23.709482287827708,,13.093863501530407,8.032350720151356,592.3580423665156
29.754797337202262,36444.47208904808,,,797.1034690817104
39.89374561227918,54865.389225824045,16.195612112864886,16.146073921485254,580.0504779832356
22.778721911080545,32314.40313260296,15.005174087252353,13.015473424744169,546.2933926430004
42.12998430172388,67815.19082692346,14.948467871548335,,716.536893503283
32.59674601841865,43030.7405405241,15.40780276942558,22.425949583394456,570.3863196813504
31.251791924504026,53017.39483809259,9.393283630378683,,554.9936502533873
42.10959968203491,54249.31807319213,16.270366039960948,16.376953689995073,505.6395737830235
39.4426331148604,46116.42539443884,15.837406382040808,9.241427832113855,601.7090160539483
31.3903383418092,,10.94995061427051,12.666796223527246,641.7284976103507
46.59329803364248,42876.44515066213,13.267758578977396,14.197342522592024,674.3091727660699
24.189366724001026,63069.45946185866,13.882078137117107,16.09097355877128,745.1306244299483
41.15935606944264,29810.304796298773,13.596509646794802,15.286841526891125,702.6897923665794
40.93101257968384,51895.693693196175,15.001579899705604,,630.912778044682
31.904535606860097,79083.93498587428,18.29410034549355,8.424566344029458,630.180432362028
38.26133022242118,34995.03013091638,17.245300183018486,7.1412697902196935,701.0157468915183
,39833.82544212723,10.063342419705782,11.663037551620988,777.257016292857
44.24027019206901,57708.617744883726,15.866209970918145,14.665640361705346,662.6314199483201
,52693.72672909397,17.986799958606227,8.886396496116966,603.0869145789591
29.772769794809605,55259.45148910339,15.160425562067608,15.325859828571932,550.7133998914454
45.49009225836889,57337.80695221495,17.2729412755579,17.263083727430896,505.47947355877744
27.95656309457241,59520.82202842655,20.036811337102296,5.418395404632902,716.6269672043524
20.915387036364404,66645.49762934334,17.071128638320943,,707.7978523639557
19.433708264760963,56147.279853927685,14.747925786925187,9.298124705473318,707.7363525106662
41.06009951345639,46381.13518072186,17.13526542225426,11.538063340945982,637.1340553647944
,60088.60551804097,14.434663499290673,7.377164931164746,790.6934745891751
52.54794181984364,78498.22902342823,14.071709129854867,16.76101339433572,601.5881505415182
14.18070592116278,48010.493804261394,12.945757292858803,12.120334307592255,745.5269237207206
,35382.06042994038,,10.197235241203698,646.1257105010457
37.11017467202618,66606.2100393046,11.544714002173997,2.820452380657362,589.1649235320663
34.032868881296075,,18.59710317403435,,709.2530307317761
29.550809131910505,17409.95680978946,15.499592371221114,11.405046251409031,690.9636118683993
38.991361143520706,62711.325157256324,9.802081475594175,-0.6629781307741816,685.6972759266926
,41970.07721069116,15.102947878974264,15.063187048220358,658.1278422056199
46.03301882016521,48642.00076543759,7.6999204770451275,9.209230778138398,646.210691828317
36.142276486620396,54979.70495853522,,26.215464847973667,888.8371992870439
36.50301761461878,52857.495196685995,16.655694448966972,21.539581253080552,768.4256645196173
31.36387787786144,60641.77725708559,12.22293213304384,9.092754653762416,722.2826894985512
34.43054376278933,,14.370643087866746,9.468314987343426,661.1799158203388
38.07801768892059,57696.58697264124,19.86247230125086,14.97790757001015,750.7157200596669
17.898316073433744,46106.79983624124,12.48275988721419,18.515863049590187,701.7994776391452
21.51814577894287,61082.157213312545,10.823277238830197,1.8098547128199165,652.6204752774036
42.43264094022715,59230.5122601958,18.444990207387796,1.0681226732265667,619.6435674734084
36.708654381279416,35968.41946933107,19.887761571592385,6.889825972228093,641.9082662337312
33.16016663647321,66289.73174262549,14.011087015543541,,332.9574264121944
35.184339330653934,41960.54832328928,17.03438910622507,12.484367952537985,671.0600839297642
38.47581705361671,62120.86697421718,18.024427746592643,15.34885727491925,601.152391988964
29.602403196906387,,11.772547302384847,4.001512358173459,809.2669998282884
,77572.75515192683,12.544082493896395,-1.5807193148443837,651.9344070811754
36.958452550976816,,17.692623539464204,14.290070976510727,531.1036580465038
25.21627222384968,44760.24805822704,19.05504283612553,5.859018635173827,645.0119845871882
39.082527557144715,49708.70591168401,,-0.09243932194318916,545.3878914937495
17.974163957621595,45452.303257485866,11.360556939493836,10.725318729796909,697.3407415712467
45.29155637325644,61999.12852913075,19.961183335098323,13.965878441093388,679.0947364339486
39.72597482413043,25755.34087345118,12.407087306564106,9.389714339393613,745.7839631108268
37.56029734313876,34194.76371280469,12.994586656485644,7.710758069087554,570.9118208305434
44.82690983945514,,15.027013503468865,9.203188839270467,653.4008096228147
51.65474444462576,64254.61387960364,18.662481262144322,8.147086187996086,513.4978204573365
45.1437006501813,75659.20058872888,16.561927929656672,3.259764440299165,720.1494781924714
16.591257686683548,48433.261721937924,15.24459650108573,6.426596615047841,701.8871180440123
22.204230332642986,47467.67415214984,15.389865590354319,12.606399525069072,699.5805021027571
28.751814223043212,51050.78244669772,14.130544005930398,,650.1619031356942
35.26091050210834,67428.17453912286,15.674418543555518,10.840299029834101,691.477289078879
40.17659020469123,36089.70298714139,6.4113197669170905,5.024257590733103,810.4339108308596
27.742561868465344,53575.53474102178,13.110177622790605,9.092484189321665,621.4905742957986
36.86766764477078,64627.96444673645,14.723965804750343,-0.8853252322142744,663.8645183710084
,57516.41254909768,10.546957749141479,10.89238331942695,541.387370081859
28.884821970080516,52843.724248981154,15.15896995343468,,563.1739038401668
20.933389031517777,,13.386586337041635,2.629339339789471,659.7813293093308
25.767667538890958,9451.515605011446,19.266427094946472,7.070361633411224,760.3933546701908
21.483153943836662,60168.12979296361,18.719059175644567,11.645533893550647,624.3719175748428
,40188.864753088645,12.602583292645512,16.264213172137417,626.4083470687876
45.536417966078396,,13.547486865299915,7.7588769184992525,609.3114755495625
25.50601111168057,,13.778157303174822,6.538748353670519,596.5243329155677
61.32382064837391,70604.87817744436,,0.1553842879195848,679.4971455708821
39.93317900880889,47938.27228058462,14.58507495208438,10.517190646540532,500.2742354821355
36.84836123694874,,11.72515379333723,20.21038020071872,778.0939576666727
26.416422198187867,74184.17386982968,10.608153995187422,11.38679230982338,583.4577701870539
42.003098794089915,69723.7168037607,15.868133671700805,9.888605104081433,722.1903485438141
29.243621737622263,74599.46794057089,15.888588752665433,11.610411553834927,523.0001402606124
36.220098146453616,,,9.94453998025699,716.8840130546218
60.60084538268795,51131.50458352389,16.686066292287798,5.934928138699351,717.1944607814497
34.0394010027535,25970.512821542474,12.105266812504006,14.116399578388528,688.4202072005896
46.49273326285676,,14.759495714113944,11.128807615558772,550.5571478200208
27.968235748741126,37351.30107025713,16.46103203783737,10.088066259668286,674.9548189598077
34.65011509503038,82564.1407624672,13.899162305888861,5.123169863608751,531.6943815265611
,47361.712813514954,15.364222736423404,16.517539659673794,624.7236744903814
28.730329422122324,51848.072101767284,12.450711068337284,13.32351372666555,752.9413100955326
53.12448557996929,,13.410600249715708,7.23539581316349,729.6701927070742
42.07751935455475,,13.38242170735898,15.009124268409685,651.5182942540433
29.375332241057322,75425.7656064613,11.760264960379283,7.512145808073964,552.5193424077158
41.32407739055521,40660.25957398322,13.469677510652653,6.089982537444815,714.5587712174193
44.7255444962673,52919.11182855864,9.35414510340876,6.201484412598565,651.9381237698025
41.21809962217196,38862.94121452927,12.526538758573686,1.1446572345595438,417.96844017695764
19.297752801095434,30199.662331689415,13.145373519890988,,728.2629826316518
27.728628241751316,40823.46363642072,13.23146074251386,0.8442756083082497,647.5767166130308
32.52481364448495,49444.44804427382,13.275507662387664,3.857780843671187,770.2451247983072
34.25566570899954,43560.4666322411,13.814707400419612,,540.4729481157195
41.206720975506784,39613.68530189216,15.438324554258191,9.569651536045535,332.32961868039996
36.777010009332535,28905.23804492249,16.623551222397566,,677.9083858345185
21.64655641289899,,12.0507043194552,8.36651893406818,679.1563676681973
,27429.194389534965,10.390397433832566,,480.9328372393548
41.10585745283823,61400.83945534404,10.87386676327069,4.1388312328168,552.1500454133394
40.5979044793104,51236.59629401755,12.538391236415219,,925.5217743719902
45.807807255546216,,12.944236046550472,7.2472403414575615,619.4389385846197
,45361.863844252046,11.690011801407628,11.581791607680724,723.0958976376216
39.59180079228437,38717.65391614125,10.111650007250317,5.5737565693788875,584.9340172631616
34.29834288541353,54787.61765628771,12.631637517577435,,440.96971011468435
,70106.75669034716,14.544279860341915,16.516390186580317,632.9741753204095
39.296182191325855,,15.785088397506694,12.930829001963916,623.4395439713895
37.076876871631114,51725.39118721126,12.327730840675036,7.937930908917599,610.0121761331628
37.715788371953735,47598.00806650039,12.761006533569699,11.285994851779638,638.5359164493608
22.232514241796906,60070.101146756984,11.219905073458069,8.796674127348934,676.4268271645636
24.189434595917376,53197.94942356534,13.905682488875671,10.039400923473641,634.9883048746193
45.53152853332904,38720.460023917716,11.454714097427557,8.371944739257483,523.5993832052636
34.60444846143345,45214.19096500073,15.7193834397236,9.178323970573045,698.6184791561939
41.81500697372624,38059.612147947664,8.642400524197667,11.060466765370876,455.06282446775765
35.28318376130461,66140.10707897898,12.921110982642613,,444.96425427158
,50319.67473007913,14.903322017575226,,723.9180494701568
44.382838059759976,78517.86028629511,14.551503548967514,,700.7020272135356
29.839552717826262,49090.08779278069,22.079100991941488,1.9986444774814505,644.2604634925964
35.96120776940983,39373.898496343056,15.049400073703723,3.9135865388976034,510.4551495244928
30.377247112949576,,10.987836209473969,10.797312534020646,579.2089059325924
,22952.904856160825,13.71360725873278,,623.7253252313496
31.908278765313607,,8.671260999600644,12.568072321155482,490.4106031425887
37.22133771633713,54006.89976517225,13.758200752109717,10.173568743762809,576.0971341976767
30.212513783365225,57630.87534844901,11.500831828997724,0.15747893280973102,715.233033817668
47.55756125573521,26282.139469518,16.746170826680483,13.274877921108448,792.7305364289216
,63425.57471114173,12.351379176213396,14.05399322795855,608.0565247341449
33.13128355838641,42754.08422474841,13.64970225261426,5.030686625825734,725.6488354316099
30.60268941725825,52201.89517978324,12.093326475786789,12.100957714474958,458.5939929412533
49.46977884353733,74183.30942383136,19.216554055559996,5.717508812954005,715.9451241113611
36.965547765115744,63452.58973798298,13.036271701646266,10.488351883741677,569.6051585272519
45.31844539468635,45972.04028141251,19.497671130437606,3.677507965225172,680.734561670797
20.14439626963028,,16.4424552863548,1.034467737327116,625.2247581760291
,17722.768980060428,15.446200182006159,8.085914051935157,782.0414009783834
43.89630795623437,39212.7002113637,15.106199441952558,,562.5564351660082
35.82283989275424,46833.046417584585,15.181391894648755,8.01160153192698,712.7606297561831
,35192.30709273224,8.216982261963171,4.079847208887203,622.0492536703466
29.827115498996278,48031.145493615426,13.163349817547731,8.000504689344314,634.1694521990336
49.0934744018558,51152.77824438152,16.535473913552963,11.34647376290367,631.614610684079
57.9889812361925,46627.16027287882,13.853308449577684,9.775534849387315,565.4326895505887
31.37161439560341,40249.961287648104,9.784430459589274,10.912505152996067,648.5901034093329
30.54497478599228,52529.82007950092,13.842786648267591,6.649423997728835,643.7351777878179
49.53384477117701,56629.109743541136,19.112316548766472,15.858589573580797,674.124024840673
50.795721457307124,33644.01383835731,17.740675146604158,4.119133317226097,658.4505145692863
29.771399728467316,71163.98569619405,13.813987971901906,12.437801485433592,729.7994549612237
30.798131829041427,48521.17801573608,16.85434783117426,15.909455464799809,742.3508616047369
32.18215391139493,,12.900478938895844,12.404540463744476,544.9376678172199
,60623.21634884836,8.888385239519843,8.98737886467585,736.8772500590771
25.813480535158018,53498.24196895253,11.226602035611336,7.358514766685104,531.3663572890146
24.95859233247932,64297.04950869868,18.688666305524592,15.18043825523128,708.7855888137735
27.322024348958713,54306.86247802736,13.178020754512087,2.8851253736916345,711.9738784702869
34.65315112613219,40813.43938039343,13.269848061874946,5.149378698101782,458.8683108337496
37.342147325365204,55422.55287809153,13.100485411175358,8.012211172541393,659.297924652941
50.50500492814077,32844.10689019007,,16.18826878755999,603.1503886639684
25.01645959261209,51628.39558664785,,11.89883818020448,574.1234742064626
44.843223984765835,,20.6563407003444,5.159771207448774,785.0852330699006
32.86011155774491,46878.2471409119,13.522864368799846,,584.6320859362581
34.50536290347567,48071.93732841604,14.886873466241285,6.928384279518528,569.362307088195
41.74819492166604,21772.264317535413,9.450072351737626,6.451055038832324,657.5694940005094
,41769.12638388558,18.430803278354823,14.894447792783897,718.5589746298416
,51392.673517116724,,3.1412843536824724,635.8351413989873
,52397.84587996101,14.650326691287887,18.043904278671867,766.6370545669253
,34584.87288611063,10.708092417101469,14.141148450923115,703.097566196409
37.89168643907818,68985.61761297051,12.233399519783912,15.45430835301849,432.178868026857
59.55300139910894,37007.377276782485,11.488212706850899,7.685302439873709,597.0533036492992
28.62260015748684,64541.85800790105,12.176374217972546,9.250296404604454,593.8157900648301
29.690030449981823,56407.91542807527,12.382631890553064,2.83424092737644,697.9360953429423
28.768594735752355,40306.59035234295,12.355193615224769,7.376687964665985,387.51829436258885
29.445228808397452,76629.66338914268,,12.468274238215754,904.9009708717722
28.626128726934823,32095.447523652798,10.68541162081244,16.48031530890698,703.102609489421
46.89016531107552,63787.31260415002,14.6616242810416,4.464215915987742,664.8876803917691
49.20504247989855,65008.734770644674,17.653877456916675,8.17247031507367,768.1567716419146
29.29253706250524,39940.69686385033,,9.243503898837389,884.3654052812625
26.676444268957713,70886.97950096492,11.846243327757195,,737.0746644588403
39.71415556386404,46249.302281015705,13.308426124459247,12.956746208792001,744.881309647162
29.477769557190285,54330.40443919785,17.53917562508213,6.380048341286955,663.0690024464383
41.32931817755511,53904.82758156831,,9.02304824411488,635.8474246633052
37.029230208513,,12.406357116177205,7.740253140440611,602.4204555995099
19.84255885002768,62162.124097396736,15.451629953564119,6.053307471401628,567.3888008285458
50.47505201330061,61902.33080828319,10.69312355049073,9.964775072597227,581.2985900300503
,23772.02040142729,16.044078531328843,8.921952107159889,514.9444035657017
28.872113095156138,69565.10364317229,15.225821923105302,8.140710588606673,642.4128549314977
31.12298440064016,,13.076574586583348,6.357691891598286,481.5332422773613
37.85865390724905,65488.19306512486,11.484242604658307,11.597623353914777,669.0916524143711
38.34456789987025,,11.339957233149628,18.268086342461423,646.3669391957658
41.5854427267283,33635.50354677203,15.60445200903773,10.699436164195637,664.6935298386687
55.102045387663495,43837.78568068123,,14.980591074555644,597.7868429980008
,33414.42997271096,12.088076758913616,3.0488903742326867,957.6860370180503
,46776.18454566897,15.375160110654452,10.788807196468847,786.0115900180313
21.20680771985473,45379.48573721388,7.738918944193793,,525.5457499915277
27.69069960058081,61694.907984040095,12.246146808028401,2.615375362340493,673.2868087426898
34.66873027126203,69654.63119179412,13.906823201387294,6.303142962704818,589.1993857062677
52.94557863517788,70935.25716184934,11.270949749054498,15.959496672067864,548.5520273292586
,41567.47960132547,,,515.9927928876065
37.237879516388986,46861.671893832085,11.99666133059334,11.215023610271999,693.2216690759254
34.83577103927248,,,2.3364972005503457,581.8619764930426
46.88393273448084,37911.94900255717,13.438012944780876,9.018596743060316,746.7826024025204
60.26932425873622,64472.77449646186,7.285306300025084,11.508500044508677,749.3782214530439
29.691312270796793,74233.74235322347,7.637899542094802,10.87768114789299,787.3914385211449
30.10560557481778,31484.76692180117,12.179404466428474,0.7810320825962709,564.7613233925897
45.44160877069072,41113.036112706584,15.373059758160656,,697.5365610692011
41.81891489626312,49603.91364561609,,9.679611179256417,713.2454216642301
53.46707325736034,54202.4173822941,12.500809471545107,12.68145454758595,602.5821824896035
40.839281853259635,,12.421256430447738,-0.9806391054997317,572.8228042607125
31.407079092129404,56360.915666961344,18.165013334625343,9.189380122600708,810.9520665775973
40.90654830692309,42892.409793936255,12.84493456486141,,672.7495875732054
46.087035805829075,49783.215936825814,15.148966954222786,14.248059942581065,713.5967750711739
43.204821811973645,58194.26372005549,14.42377142026239,13.464287921187184,567.7923988172073
40.07274031107298,,7.608300560578398,12.912856594044026,528.0715533477807
45.666746895891535,43454.21164210147,16.30462164989521,6.000297466490329,593.055022550789
46.692955904456724,48355.852941112535,14.646189516368864,0.4599893143834617,637.5978612610003
48.82158991037527,,15.52480591902377,8.034736214692995,543.5779993182651
41.48709887589643,44449.83455176809,25.778713119308982,15.0081591260428,649.0155191349617
33.328819196831454,,7.747661181504235,16.96727263762216,481.14948119315
36.46713686433323,73979.70755757076,19.174089949283324,13.552745511488926,537.9952577530128
,58413.791719118584,13.137657441798932,12.14670411400867,717.0911248276875
26.83064329012764,45567.795229562595,14.861986713209028,11.898198241929828,710.3790520277894
38.686733088729014,60454.316067661035,,7.219406266196097,610.8123234613133
31.066611876726395,44992.70765365985,12.72729099980587,9.3496985322319,548.2235690923047
35.28744822934817,67596.86956379961,12.290501215283724,18.345347629131656,547.2596448473989
47.78451862607299,55544.63288297141,14.988526206719028,5.287209971040618,612.6731754058686
36.910990680199035,48390.467839936566,9.448478909984964,18.07389395354926,714.4518491645291
35.46436548156149,56715.75388715416,16.251737502565298,8.389859227539707,742.8245691344324
21.401438590200808,,12.751416785344238,16.62716054547539,600.346826451803
42.46253566027221,33098.48796635292,10.609791982878926,2.9659249525123084,534.6507574015216
41.45484181141075,32091.12490401417,12.64996142601256,12.929521005823245,676.7843637866333
56.6325472330546,,17.771447650587717,6.31614932026189,567.6465029374151
31.922217650469992,75987.72499227637,12.393994738951331,2.9236640403790624,598.1747361138798
37.19150327663939,83469.50219288949,15.07536085462886,11.092670212054728,782.5276090437037
37.49383683710755,59570.76652161136,11.80713117285358,15.047358942979844,732.7115428565768
50.77453279763475,57512.66712416685,16.273765549770857,,665.7974312251451
34.047044676130476,22984.133987708916,,2.5049201977079942,522.8080998887277
37.790215257703395,41859.89300398967,19.545826499889234,9.540776178325224,671.1396567470659
,38183.24372137642,13.473308163502354,,756.2657290787527
36.86609123156358,40687.28602623326,16.00596441427372,12.741598137772494,612.4366334234464
30.535663854494718,47477.84272122815,14.294202618616834,14.747972856822441,785.1114089986715
36.94089992898308,42918.64133454309,17.887615345589044,,779.2745289518207
45.73631749859772,,11.843502837173808,19.277516573971315,816.3732832143473
24.7348470058894,,16.235015938631843,11.12117372267646,680.5243126531353
36.32969674146876,33908.854613902906,13.415908111649955,8.267867469965502,708.7391699806012
27.998791850608267,53588.702961667244,13.807435468674507,,791.418728833109
46.950466289248425,81111.2400462496,14.275257453345118,8.686702398419161,694.7393937068975
19.768130952162252,36209.23112620365,14.756721189280032,8.318065272944319,599.8765892209788
29.410781527284115,12045.687158805056,13.651312870634126,14.801523981407351,605.1457163472139
38.772118750645205,,14.644139549511578,12.31241812033427,673.8554953773739
50.65524029234341,66514.39452497856,18.734354172686555,4.103154391836914,520.9438578053781
34.34249738927012,,,,635.6741084635808
29.448004733068018,31556.756083213746,16.60746377749069,13.357655858645266,759.6547118230254
53.8115706944059,57450.48834854783,12.633381421928387,17.640156796939163,430.8746148834719
20.51986099583756,43020.3431482992,11.332277515315027,14.437519837070298,803.4482101794515
13.011940433799182,48410.774685437966,16.865901674713257,13.80423327155739,762.237421870316
39.40014450053332,89665.15020525552,16.628140377589382,10.300429973075818,604.0235384169524
,27455.4450740727,18.418012027252946,11.941560027117248,704.3390827871809
,53806.094922418604,12.188058122092311,16.247524503530794,650.3147726906327
42.08356447299353,,13.311354033918958,,772.9990368438683
37.43800713771199,66286.7948740902,9.081547512423697,8.25280336391522,748.2683142769941
29.359213692632714,51469.747302063435,12.82258668181738,6.1371562562187965,509.9929276816991
22.196956013291057,54620.75809256153,16.98971153173834,11.895765593630621,708.7262413464176
43.724573282801444,,12.600513862315406,16.151110878253938,629.4372146356752
41.50201177958661,54036.90411867661,,7.015128566394631,658.28325705181
,44852.11586753884,,-1.9515218373471903,577.1828099030184
53.466369960476655,59323.57834784076,14.972171084664682,7.938896274877649,824.8137069120835
24.299152336738473,,10.556925830552998,14.567368660087034,754.0061819902576
19.74474829075261,,14.255628348901704,12.688149514749398,576.0228836027032
28.080919301187556,49561.057794725326,,12.14093123905288,516.5389393089768
34.54413983644502,66890.75376158251,13.439311525514045,,611.4327369022152
37.43339449322692,49229.094146172705,9.10858026885458,,693.4502646091306
32.5876394214367,23404.512976896778,17.61798354964045,12.576471608122336,674.0205843946223
,68928.82251070987,16.332222058293535,,775.3132824768244
,36414.015487060715,15.400012945898244,20.920483666902282,728.9919722180853
49.437646040732595,40193.504920267704,18.56301868147814,12.85253604177258,746.9569025752907
34.178488216074314,41065.08058934762,11.153250437525488,7.096758487230245,682.6855400610438
46.172958315881274,,19.242089593746677,,511.070126978901
38.42725346377704,,16.796574692781153,9.535278966932058,630.4301468853099
39.567532191537836,97066.22800489991,13.290334138343162,8.80249038989125,756.0089739908666
40.69767280232204,65840.85213599078,17.406860441548833,15.584168877649772,644.8477071475354
39.47708560017315,53348.5837119374,10.681119462765096,10.932080848720231,700.3090368623747
41.42722759867544,49176.5899907557,11.526457515416979,6.3418413054573595,618.1251684753867
48.29152530132431,54283.311122864856,12.174230830280898,19.45220342577891,547.0188151458156
,57816.836425690075,12.413066875807955,,637.6655935953889
42.09003757588512,59678.23378925085,,13.844198379844483,680.9047443032654
34.102643057127736,,17.669249201285975,6.958867462776204,584.4312280538556
49.40117215449473,51343.71021882873,13.223436798890505,11.815578138722618,626.4288755143332
28.2360769794073,47039.923695390105,15.057514905070638,11.555549955715977,556.0536758014017
53.00940432910816,47730.90074519732,12.288945900758959,0.5517535395192361,761.9244917564096
34.59842049355657,,8.538190098354448,20.0763755523032,620.5544242411966
20.69224897881952,67006.55145300596,14.810172075174266,16.453222304612737,795.2755545126183
36.28104414910789,58903.35083421293,8.26323507374067,8.014023419270062,802.8747850540908
28.18948342525119,5894.170480035798,13.794097861743595,4.488651297720723,641.8954035278256
43.406435489887244,59838.51164794641,9.895054883501569,11.73780806901776,549.1551267452651
28.473760206976092,,19.961827997692424,10.433488497071982,441.4102122266663
30.538165667852205,49719.36865331154,16.734088166524167,11.778344742816147,502.79629269732084
16.104592690544692,44172.22320366671,14.317261373814441,10.957886980970448,512.616517510134
,66861.6907997902,17.791120032964006,12.53120494652963,787.8469627461504
10.761206733710434,64212.89693184287,11.461052067602793,,661.5824587226946
19.16097176514277,,15.630438136010278,12.84051602564323,688.9604524091988
42.604146561442974,56105.78430686802,,4.751722505450294,427.9578991064874
42.85800158650832,,14.79206024400101,16.81281426356226,530.2033570782738
39.254575617849646,29305.727528166044,17.817060500320302,18.203072817441438,738.7079776446287
25.33023856870787,40599.24163115052,16.197476308339407,25.760283672560426,678.6774112382586
34.5228864385802,62935.902085741385,14.86617098847507,4.38252983380201,635.2794721314402
34.963974609094315,64296.8756806413,9.035337691315112,11.214410065751375,706.4842358600123
23.416353108074574,57696.28130145939,11.119861114161608,-0.41049351594493544,813.5797806135815
50.0339830176715,60876.43680271995,13.631873199212828,12.765745781896046,627.8957536462949
43.77362290575671,57742.67430672437,14.280117122829953,,656.9369802658069
32.79035826170336,,10.609388825978229,19.617228974124764,669.2596918731305
35.26885838994531,56478.83817010911,21.235030026735263,6.12692514990709,889.2109635273993
37.08382807947552,62006.14287841524,18.54918216576072,1.5540848101636922,440.06437355809743
14.582651315757094,61314.36994720361,15.806354961177451,7.643681296487402,718.3223014788808
32.52822617479403,67833.70057211965,14.216110583851234,0.12256114391431261,638.5197751240936
28.180157520022014,60624.55770801596,13.363373090296545,13.75549727253655,706.6771726184179
24.983799901050844,55271.72311312374,11.144244619933293,-0.3254152312816032,584.2627446005275
32.18899707114045,66052.25357474641,14.232441555556587,10.142287905915794,645.103496914155
52.976865268495224,49602.1811112641,14.773257620428252,,721.1410579465495
41.4084286126701,36771.88023158423,10.274718273555127,8.398510977316791,961.2910201043841
29.28821010217203,47553.99554084354,15.002529251734693,18.21689077902267,730.8036189402071
40.72582781356159,38826.46032790326,13.534222853525753,11.803239457178975,565.1934401969492
